Algorithm,Total Memory Used,False Positive Rate,False Negative Rate,Partial Success Rate,page faults,software cpu clock,software task clock,number of instructions,number of branch instructions,number of cycles,bus cycles,total cycles
Aho-Corasick,1485093592,0.000000,0.000000,0.000000,20,1202020,1201077,824341,80746,1969428,115851,2780184
Low-Memory Aho-Corasick,40137664,0.000000,0.000000,0.000000,43,15029645,15027258,7839863,2182059,16886476,1455433,34930392
Multi-Pattern Breslauer-Galil,26423230,0.000000,0.000293,0.022754,5,132867242055,132867153411,124497392268,17798891306,333265498734,13200549521,316818204672